{"name":"a6f7446e-59f3-4d8f-9b39-ada04d0a7d54","id":"/providers/Microsoft.Flow/flows/a6f7446e-59f3-4d8f-9b39-ada04d0a7d54","type":"Microsoft.Flow/flows","properties":{"apiId":"/providers/Microsoft.PowerApps/apis/shared_logicflows","displayName":"Copy of - Disable Delve Accounts","definition":{"metadata":{"workflowEntityId":null,"creator":{"id":"f864cab7-bf80-4bcd-acb3-ecdb097e9864","type":"User","tenantId":"380ee770-c24b-4ff7-ba7d-000a5f72c9f2"},"provisioningMethod":"FromDefinition","failureAlertSubscription":true,"clientLastModifiedTime":"2019-12-04T07:56:14.8641708Z"},"$schema":"https://schema.management.azure.com/providers/Microsoft.Logic/schemas/2016-06-01/workflowdefinition.json#","contentVersion":"1.0.0.0","parameters":{"$connections":{"defaultValue":{},"type":"Object"},"$authentication":{"defaultValue":{},"type":"SecureObject"}},"triggers":{"Recurrence":{"recurrence":{"frequency":"Second","interval":60,"startTime":"2019-11-14T22:00:00.000Z"},"type":"Recurrence"}},"actions":{"Initialize_TenantID":{"runAfter":{},"type":"InitializeVariable","inputs":{"variables":[{"name":"TenantID","type":"String","value":"1234"}]}},"Initialize_ClientID":{"runAfter":{"Initialize_TenantID":["Succeeded"]},"type":"InitializeVariable","inputs":{"variables":[{"name":"ClientID","type":"String","value":"1234"}]}},"Initialize_ClientSecret":{"runAfter":{"Initialize_ClientID":["Succeeded"]},"type":"InitializeVariable","inputs":{"variables":[{"name":"ClientSecret","type":"String","value":"1234"}]}},"Initialize_UserClaim":{"runAfter":{"Initialize_ClientSecret":["Succeeded"]},"type":"InitializeVariable","inputs":{"variables":[{"name":"UserClaim","type":"String"}]}},"Initialize_UPN":{"runAfter":{"Initialize_UserClaim":["Succeeded"]},"type":"InitializeVariable","inputs":{"variables":[{"name":"UPN","type":"String"}]}},"Extract_Bearer_Token":{"runAfter":{"Get_Bearer_Token":["Succeeded"]},"type":"Compose","inputs":"@outputs('Get_Bearer_Token').body.access_token"},"Get_Bearer_Token":{"runAfter":{"Get_SP_Users":["Succeeded"]},"type":"Http","inputs":{"method":"POST","uri":" https://login.microsoftonline.com/@{variables('TenantID')}/oauth2/v2.0/token","headers":{"Content-Type":"application/x-www-form-urlencoded"},"body":"client_id=@{variables('ClientID')}&scope=https%3A%2F%2Fgraph.microsoft.com%2F.default&client_secret=@{variables('ClientSecret')}&grant_type=client_credentials"}},"HTTP_Get_Azure_AD_users":{"runAfter":{"Parse_JSON_O365_Group_Members":["Succeeded"]},"type":"Http","inputs":{"method":"GET","uri":"https://graph.microsoft.com/v1.0/users","headers":{"Authorization":"Bearer @{outputs('Extract_Bearer_Token')}","Content-Type":"application/json"}}},"Get_SP_Users":{"runAfter":{"Initialize_UPN":["Succeeded"]},"metadata":{"flowSystemMetadata":{"swaggerOperationId":"GetItems"}},"type":"ApiConnection","inputs":{"host":{"connection":{"name":"@parameters('$connections')['shared_sharepointonline']['connectionId']"},"api":{"runtimeUrl":"https://unitedstates-002.azure-apim.net/apim/sharepointonline"}},"method":"get","path":"/datasets/@{encodeURIComponent(encodeURIComponent('site'))}/tables/@{encodeURIComponent(encodeURIComponent('site'))}/items","authentication":"@parameters('$authentication')"}},"Parse_JSON_Azure_AD_Users":{"runAfter":{"HTTP_Get_Azure_AD_users":["Succeeded"]},"type":"ParseJson","inputs":{"content":"@body('HTTP_Get_Azure_AD_users')","schema":{"type":"object","properties":{"@@odata.context":{"type":"string"},"value":{"type":"array","items":{"type":"object","properties":{"businessPhones":{"type":"array"},"displayName":{"type":"string"},"givenName":{"type":"string"},"jobTitle":{},"mail":{"type":"string"},"mobilePhone":{},"officeLocation":{},"preferredLanguage":{},"surname":{},"userPrincipalName":{"type":"string"},"id":{"type":"string"}},"required":["businessPhones","displayName","givenName","jobTitle","mail","mobilePhone","officeLocation","preferredLanguage","surname","userPrincipalName","id"]}}}}}},"Apply_to_each_Azure_AD_User":{"foreach":"@body('Parse_JSON_Azure_AD_Users')?['value']","actions":{"Set_Azure_AD_User":{"runAfter":{},"type":"Http","inputs":{"method":"PATCH","uri":"https://graph.microsoft.com/v1.0/users/@{items('Apply_to_each_Azure_AD_User')?['userPrincipalName']}/settings","headers":{"Content-Type":"application/json","Authorization":"Bearer @{outputs('Extract_Bearer_Token')}"},"body":{"contributionToContentDiscoveryDisabled":false}}}},"runAfter":{"Apply_to_each_O365_Group_Members":["Succeeded"]},"type":"Foreach"},"Apply_to_each_SP_List_User":{"foreach":"@body('Get_SP_Users')?['value']","actions":{"Apply_to_each_SP_User_Value":{"foreach":"@items('Apply_to_each_SP_List_User')['User']","actions":{"Set_UPN":{"runAfter":{"Set_User_Claims":["Succeeded"]},"type":"SetVariable","inputs":{"name":"UPN","value":"@{replace(variables('UserClaim'), 'i:0#.f|membership|', '')}"}},"HTTP_Set_SP_user":{"runAfter":{"Set_UPN":["Succeeded"]},"type":"Http","inputs":{"method":"PATCH","uri":"https://graph.microsoft.com/v1.0/users/@{variables('UPN')}/settings","headers":{"Authorization":"Bearer @{outputs('Extract_Bearer_Token')}","Content-Type":"application/json"},"body":{"contributionToContentDiscoveryDisabled":"@items('Apply_to_each_SP_List_User')?['DisableDelve']"}}},"Set_User_Claims":{"runAfter":{},"type":"SetVariable","inputs":{"name":"UserClaim","value":"@items('Apply_to_each_SP_User_Value')?['Claims']"}}},"runAfter":{},"type":"Foreach"}},"runAfter":{"Apply_to_each_Azure_AD_User":["Succeeded"]},"type":"Foreach"},"HTTP_Get_O365_Group_Members":{"runAfter":{"Extract_Bearer_Token":["Succeeded"]},"type":"Http","inputs":{"method":"GET","uri":"https://graph.microsoft.com/v1.0/groups/a85af997-8048-4a2d-9fb7-caea0a3d09a8/members","headers":{"Authorization":"Bearer @{outputs('Extract_Bearer_Token')}","Content-Type":"application/json"}}},"Parse_JSON_O365_Group_Members":{"runAfter":{"HTTP_Get_O365_Group_Members":["Succeeded"]},"type":"ParseJson","inputs":{"content":"@body('HTTP_Get_O365_Group_Members')","schema":{"type":"object","properties":{"@@odata.context":{"type":"string"},"value":{"type":"array","items":{"type":"object","properties":{"@@odata.type":{"type":"string"},"id":{"type":"string"},"businessPhones":{"type":"array"},"displayName":{"type":"string"},"givenName":{"type":"string"},"jobTitle":{},"mail":{"type":"string"},"mobilePhone":{},"officeLocation":{},"preferredLanguage":{},"surname":{},"userPrincipalName":{"type":"string"}},"required":["@@odata.type","id","businessPhones","displayName","givenName","jobTitle","mail","mobilePhone","officeLocation","preferredLanguage","surname","userPrincipalName"]}}}}}},"Apply_to_each_O365_Group_Members":{"foreach":"@body('Parse_JSON_O365_Group_Members')?['value']","actions":{"HTTP_Set_O365_Group_Member":{"runAfter":{},"type":"Http","inputs":{"method":"PATCH","uri":"https://graph.microsoft.com/v1.0/users/@{items('Apply_to_each_O365_Group_Members')?['userPrincipalName']}/settings","headers":{"Content-Type":"application/json","Authorization":"Bearer @{outputs('Extract_Bearer_Token')}"},"body":{"contributionToContentDiscoveryDisabled":false}}}},"runAfter":{"Parse_JSON_Azure_AD_Users":["Succeeded"]},"type":"Foreach"}}},"connectionReferences":{"shared_sharepointonline":{"connectionName":"shared-sharepointonl-6fcfcc82-6c8e-4b48-9ac5-0c0eddfb74cf","source":"Embedded","id":"/providers/Microsoft.PowerApps/apis/shared_sharepointonline","tier":"NotSpecified"}},"flowFailureAlertSubscribed":false}}